{
  "project": {
    "name": "Estilo Español - Persian E-Commerce Store",
    "version": "1.0.0",
    "language": "Persian (Farsi)",
    "font": "Dana",
    "direction": "RTL",
    "created": "2025-11-09",
    "status": "Ready for Production"
  },
  "files": {
    "html": [
      {
        "name": "index.html",
        "description": "Customer storefront homepage",
        "lines": "~400",
        "dependencies": [
          "css/style.css",
          "js/app.js",
          "Dana Font CDN"
        ]
      },
      {
        "name": "admin.html",
        "description": "Admin panel interface",
        "lines": "~500",
        "dependencies": [
          "css/admin-style.css",
          "js/admin.js"
        ]
      }
    ],
    "css": [
      {
        "name": "css/variables.css",
        "description": "CSS custom properties and color scheme",
        "lines": "~150",
        "contains": [
          "Colors",
          "Spacing",
          "Typography",
          "Shadows",
          "Transitions"
        ]
      },
      {
        "name": "css/rtl.css",
        "description": "RTL-specific styles",
        "lines": "~400",
        "contains": [
          "Navbar",
          "Hero",
          "Products",
          "Modals",
          "Forms",
          "Responsive"
        ]
      },
      {
        "name": "css/style.css",
        "description": "Main styles",
        "lines": "~300",
        "contains": [
          "Layout",
          "Components",
          "Animations"
        ]
      },
      {
        "name": "css/admin-style.css",
        "description": "Admin panel styles",
        "lines": "~400",
        "contains": [
          "Dashboard",
          "Tables",
          "Forms",
          "Charts"
        ]
      }
    ],
    "javascript": [
      {
        "name": "js/data.js",
        "description": "Sample data",
        "lines": "~200",
        "includes": [
          "Products",
          "Customers",
          "Orders",
          "Categories"
        ]
      },
      {
        "name": "js/utils.js",
        "description": "Utility functions",
        "lines": "~250",
        "includes": [
          "Formatting",
          "Validation",
          "State Management",
          "Notifications"
        ]
      },
      {
        "name": "js/app.js",
        "description": "Main app logic",
        "lines": "~350",
        "includes": [
          "Product Display",
          "Shopping Cart",
          "Checkout",
          "Orders"
        ]
      },
      {
        "name": "js/admin.js",
        "description": "Admin panel logic",
        "lines": "~400",
        "includes": [
          "Dashboard",
          "CRUD Operations",
          "Reports"
        ]
      }
    ],
    "images": [
      {
        "name": "logo.png",
        "format": "PNG",
        "size": "~200KB",
        "description": "Estilo Español logo"
      },
      {
        "name": "ceramic_plate.png",
        "format": "PNG",
        "size": "~150KB",
        "description": "Spanish ceramic plate"
      },
      {
        "name": "manton_madrid.png",
        "format": "PNG",
        "size": "~180KB",
        "description": "Spanish mantón"
      },
      {
        "name": "azulejo_decorativo.png",
        "format": "PNG",
        "size": "~160KB",
        "description": "Decorative azulejo"
      }
    ],
    "documentation": [
      {
        "name": "README-FARSI.md",
        "description": "Complete Persian documentation"
      },
      {
        "name": "SETUP-GUIDE.md",
        "description": "Installation and setup instructions"
      },
      {
        "name": "LICENSE",
        "description": "MIT License"
      }
    ]
  },
  "features": {
    "customer_side": [
      "Product catalog browsing",
      "Category filtering",
      "Product search",
      "Shopping cart",
      "Checkout process",
      "Order confirmation",
      "Responsive design",
      "RTL interface",
      "Persian language",
      "Dana font support"
    ],
    "admin_side": [
      "Dashboard with statistics",
      "Product management (CRUD)",
      "Customer management",
      "Order tracking",
      "Payment status tracking",
      "Order status updates",
      "Analytics and reports",
      "Settings management",
      "Admin authentication",
      "Data export"
    ]
  },
  "colors": {
    "primary": "#E07856",
    "secondary": "#C1292E",
    "accent": "#F4C430",
    "dark_accent": "#8B4513",
    "success": "#27AE60",
    "warning": "#F39C12",
    "danger": "#E74C3C"
  },
  "tech_stack": [
    "HTML5",
    "CSS3",
    "Vanilla JavaScript",
    "Dana Font",
    "Local Storage API"
  ],
  "deployment": {
    "hosting_options": [
      "Netlify",
      "Vercel",
      "GitHub Pages",
      "Traditional Hosting"
    ],
    "requirements": [
      "Modern browser",
      "Internet connection for fonts"
    ],
    "certificate": "SSL/HTTPS recommended"
  },
  "total_files": 15,
  "total_lines_of_code": "~3000+",
  "package_size": "~1.5MB (with images)"
}